Sensor1,Sensor2,Sensor3,Sensor4,Speed_X,Speed_Y
817,541,522,914,279.40000000000003,78.00216848907971
744,12,645,40,144.1,-76.85243758103184
821,552,622,738,273.3,38.59421880731469
847,173,361,801,218.20000000000002,80.67823587948601
286,962,952,110,231.0,27.031098565467857
642,542,393,409,198.60000000000002,76.37027289941884
604,341,96,915,195.60000000000002,73.70193727781279
896,811,609,998,331.40000000000003,22.92952982172916
728,351,373,135,158.70000000000002,-57.42513241308382
565,674,464,790,249.3,13.400069152515641
820,72,628,573,209.3,-99.12773451866184
1005,996,214,773,298.8,-38.127450878701794
462,492,516,407,187.70000000000002,96.08571693657038
447,254,825,170,169.60000000000002,-77.1979452627452
723,937,339,561,256.0,-32.58748415695483
251,60,1018,820,214.9,-7.211196522301577
871,21,235,293,142.0,-58.15365660197598
232,785,34,771,182.20000000000002,-27.08590049427724
1000,245,359,1023,262.7,26.023258654896452
264,11,202,323,80.0,-65.63780930917191
128,789,853,463,223.3,-63.8135954872487
952,609,219,528,230.8,18.503644685831716
674,161,675,636,214.60000000000002,81.89493394366684
713,896,536,371,251.60000000000002,39.97275374236716
908,308,720,311,224.70000000000002,-58.74859070147769
226,222,290,126,86.4,77.76663606980304
65,578,948,1021,261.2,-14.045771844907478
830,970,843,324,296.7,-37.84016656657785
219,405,820,179,162.3,54.493231184941465
1023,772,960,681,343.6,-89.12337402123487
636,589,888,227,234.0,14.09509620497407
116,55,22,265,45.800000000000004,69.8908950616956
825,437,454,86,180.20000000000002,-9.360594482382112
507,587,711,376,218.10000000000002,89.65329313107429
385,194,292,690,156.10000000000002,8.684746017433227
327,986,162,573,204.8,5.72307621896968
772,50,63,640,152.5,69.32797246829395
654,623,954,200,243.10000000000002,-8.736928103465829
483,642,328,418,187.10000000000002,44.26780639173455
43,344,803,414,160.4,9.822852119384493
817,879,896,88,268.0,61.8112274726478
130,845,579,52,160.60000000000002,17.83025805958202
966,703,212,240,212.10000000000002,-23.210340587742422
440,329,244,941,195.4,32.35484606763879
924,854,126,479,238.3,-74.55685497421467
215,710,404,296,162.5,-20.10980899972185
339,909,815,8,207.10000000000002,-58.31677373256934
446,302,510,717,197.5,34.155077467375065
323,100,189,132,74.4,-12.53866873267188
464,141,330,638,157.3,-37.82301776848638
436,86,523,641,168.60000000000002,-68.28807451229352
115,953,548,887,250.3,97.74477560959346
434,711,214,313,167.20000000000002,-29.900868588842016
31,353,819,793,199.60000000000002,-23.064452827654364
869,552,66,812,229.9,-18.0857616311026
868,543,212,874,249.70000000000002,-70.59829163077487
481,983,855,976,329.5,-53.62704118771138
669,566,528,859,262.2,-51.74344484650302
724,649,104,360,183.70000000000002,75.14330366726062
37,171,713,298,121.9,-90.54574185653526
841,869,839,930,347.90000000000003,47.05244923701565
674,115,424,254,146.70000000000002,49.11059646666283
673,563,392,547,217.5,97.20665719000473
919,654,387,173,213.3,89.20391891483183
223,341,892,131,158.70000000000002,-77.55520489674083
129,565,767,161,162.20000000000002,-2.227868636432902
813,23,991,344,217.10000000000002,70.48744977613694
449,79,875,609,201.20000000000002,10.139240668553228
976,350,920,213,245.9,36.385171053691835
481,470,196,416,156.3,95.79123964852923
127,707,514,460,180.8,-62.5628580580498
251,625,578,357,181.10000000000002,-41.626525574540295
845,777,488,203,231.3,-34.352674272537385
587,342,521,100,155.0,-51.52236354840216
198,839,996,633,266.6,63.39347049468404
307,844,953,241,234.5,-80.72933942913647
102,188,546,373,120.9,-18.640149539632105
479,1014,160,687,234.0,-81.4799134865541
545,524,170,498,173.70000000000002,90.19884454648434
50,714,434,620,181.8,56.63509441354543
865,648,800,54,236.70000000000002,-54.82166035503757
310,411,858,90,166.9,-13.521129382017392
165,537,346,490,153.8,-15.581330656061084
990,601,369,101,206.10000000000002,80.97443571736048
79,292,175,438,98.4,-56.24406858404165
967,198,200,7,137.20000000000002,-67.89468635519675
102,170,480,390,114.2,67.08306530539966
977,45,631,381,203.4,-19.047831122809413
459,215,963,791,242.8,27.642665214513556
348,109,682,581,172.0,83.6037237587677
800,68,820,881,256.90000000000003,73.4288798809979
128,412,42,442,102.4,-31.034894644781332
468,887,179,477,201.10000000000002,27.445321592301752
46,555,500,436,153.70000000000002,-32.04902655324506
729,645,311,674,235.9,-39.16874997238593
366,752,1020,423,256.1,90.12590095818027
50,879,996,773,269.8,68.88785927298562
129,518,486,924,205.70000000000002,74.99857577059231
999,148,272,852,227.10000000000002,-58.390082421434556
1020,538,68,128,175.4,-56.571067289934575
765,429,815,730,273.90000000000003,-46.841457667621135
505,507,918,728,265.8,5.305998813225997
243,836,878,79,203.60000000000002,-94.74781166618567
974,430,206,444,205.4,85.90689153989595
794,305,242,55,139.6,80.21776984101817
587,195,702,706,219.0,-86.6169300893234
499,700,29,2,123.0,59.39878375567346
424,471,599,593,208.70000000000002,-8.155255309022763
218,844,157,891,211.0,48.22630975950457
1010,48,715,897,267.0,-74.10997326052527
413,610,461,60,154.4,-96.34284295436146
436,154,729,417,173.60000000000002,-16.292022754172237
335,499,29,756,161.9,56.3530625642224
56,370,679,549,165.4,-39.328374323938185
925,176,606,701,240.8,79.50969813580863
398,79,257,105,83.9,-72.93440519618939
263,845,891,983,298.2,-39.99934761130035
86,953,823,781,264.3,-37.20979249070684
682,165,85,848,178.0,0.5377317205388152
796,423,878,385,248.20000000000002,-35.64350079234498
198,697,992,471,235.8,-78.87860503437125
492,532,299,625,194.8,-38.02770451305957
818,268,502,590,217.8,-84.04574368037746
752,582,953,109,239.60000000000002,-87.66149212571848
325,192,751,192,146.0,-62.10338800358058
569,956,946,859,333.0,25.983023237462575
934,394,378,13,171.9,-31.98290992873305
784,46,910,551,229.10000000000002,1.8280950293434302
260,939,909,421,252.9,88.9687163713769
762,319,800,669,255.0,-87.27731587450616
508,426,406,404,174.4,-90.13578132929267
937,896,733,606,317.20000000000005,34.54024925419654
165,626,428,268,148.70000000000002,-58.718213729711266
214,12,964,458,164.8,91.31318907590526
498,127,304,18,94.7,41.30532042333974
958,868,810,627,326.3,29.997087043722217
749,328,116,20,121.30000000000001,-55.63572144090472
997,7,13,530,154.70000000000002,-68.05072332985722
503,551,459,537,205.0,91.93210222014395
804,786,334,921,284.5,-28.335444733406362
422,402,114,407,134.5,37.99271417890739
677,861,1009,257,280.40000000000003,-97.20875801326308
607,941,799,461,280.8,-72.22799579716887
253,711,260,352,157.60000000000002,19.26506692992551
504,803,223,576,210.60000000000002,20.558840285124674
765,532,595,131,202.3,48.65988456185298
410,89,801,916,221.60000000000002,29.584584133968065
362,575,1017,180,213.4,-69.65848130915356
373,96,657,414,154.0,-86.40899255164283
701,280,382,719,208.20000000000002,34.26141004188983
334,268,326,4,93.2,7.8006169702339605
485,773,878,312,244.8,71.97812735607135
296,128,996,265,168.5,-19.585082787421754
1002,809,425,139,237.5,-0.7135291487165887
850,470,343,469,213.20000000000002,92.79735174080145
809,265,590,213,187.70000000000002,21.76367877484357
348,882,556,471,225.70000000000002,44.400231539402256
857,584,394,743,257.8,59.77277870055403
739,200,448,633,202.0,-55.06523413126567
804,45,885,216,195.0,-74.28038288064687
435,127,765,680,200.70000000000002,96.03523228709071
50,319,362,542,127.30000000000001,58.564143533192635
590,787,784,420,258.1,-84.7423205278417
681,671,865,380,259.7,54.987044403174366
786,186,806,565,234.3,-22.474325288657937
387,300,41,328,105.60000000000001,41.64308158193586
631,527,698,114,197.0,23.9275057464081
669,217,888,272,204.60000000000002,-0.020225633056085712
72,661,729,156,161.8,-37.634185345176775
824,1003,284,205,231.60000000000002,-14.513872463195867
889,903,303,931,302.6,21.713218812050243
756,197,965,872,279.0,-91.69313510743842
955,918,5,619,249.70000000000002,-67.34523726864026
308,467,652,764,219.10000000000002,-62.271570884378136
492,225,353,520,159.0,96.82989135220498
482,893,753,283,241.10000000000002,-79.11910106756196
454,919,517,332,222.20000000000002,-92.41023582213536
919,65,549,533,206.60000000000002,-86.24224329656762
397,956,869,355,257.7,-56.81756859475027
462,463,780,691,239.60000000000002,87.36379455345966
61,877,298,924,216.0,33.361039233346105
310,464,963,79,181.60000000000002,14.345875643397335
941,185,1017,67,221.0,-84.12374192665516
741,477,808,619,264.5,47.6969698134306
384,394,369,436,158.3,95.09684845719306
663,916,526,576,268.1,6.93781051608984
213,897,679,441,223.0,56.02175893417993
219,135,1008,824,218.60000000000002,-79.75782963701705
273,688,22,218,120.10000000000001,-80.1161663965776
311,524,381,776,199.20000000000002,60.34244280836353
875,796,698,545,291.40000000000003,-13.980041171993207
735,835,368,98,203.60000000000002,-37.86876336855496
1008,802,763,437,301.0,-84.45046065608577
191,810,82,894,197.70000000000002,92.14403883814728
533,116,988,227,186.4,-83.71333550534628
715,973,293,555,253.60000000000002,-87.37791042719644
746,652,1017,152,256.7,29.005256289022128
513,552,294,572,193.10000000000002,36.07837679006434
702,586,701,645,263.40000000000003,94.79775696460763
497,53,418,444,141.20000000000002,-59.4826705636808
458,651,573,330,201.20000000000002,58.12208636707618
287,341,359,645,163.20000000000002,44.515942686876144
314,943,863,988,310.8,12.409067742143677
505,913,917,104,243.9,-81.39913826624989
719,132,630,694,217.5,-68.09838631820067
618,200,281,144,124.30000000000001,27.33343621173752
1015,817,696,744,327.20000000000005,-49.4481016280069
404,766,354,449,197.3,29.58596591762486
188,335,727,828,207.8,47.336801899225236
217,857,489,875,243.8,-76.04000432134845
941,315,575,974,280.5,66.24782968286559
602,614,232,648,209.60000000000002,-55.337567531659126
573,586,397,970,252.60000000000002,30.03075317196192
494,947,174,718,233.3,-43.74104948194157
424,179,989,23,161.5,-84.24733898664363
771,274,547,869,246.10000000000002,43.932572226032164
577,579,83,554,179.3,-75.9313475751847
94,64,869,463,149.0,11.239524157908704
33,809,6,464,131.20000000000002,-32.91175664486667
900,176,652,367,209.5,-58.41958298487447
594,212,3,540,134.9,-19.740675921445302
945,48,150,714,185.70000000000002,41.52416826890831
706,672,497,12,188.70000000000002,-70.12633750597467
867,224,43,64,119.80000000000001,32.61211283629922
90,990,240,31,135.1,-41.169740816036594
485,209,333,690,171.70000000000002,26.50195249549205
262,100,554,721,163.70000000000002,20.821677382887046
530,450,230,499,170.9,-77.93775556126867
96,661,98,230,108.5,7.96201568121819
100,826,647,719,229.20000000000002,18.579593416155603
176,523,690,641,203.0,39.5013682502406
410,669,426,99,160.4,-56.83350107126901
307,148,135,993,158.3,93.15759692547536
500,490,196,581,176.70000000000002,-89.987223404008
8,719,818,191,173.60000000000002,62.08060503368796
655,639,512,73,187.9,-60.69161884768148
533,417,936,553,243.9,26.183857585076623
655,636,263,608,216.20000000000002,18.819945758525165
314,324,984,639,226.10000000000002,86.76071022896178
396,821,916,353,248.60000000000002,97.9594496848353
177,806,406,197,158.60000000000002,3.9165283665352177
628,499,84,61,127.2,-80.23181044959169
454,560,612,686,231.20000000000002,92.13699004264703
289,14,108,384,79.5,-32.87035700240408
333,697,0,757,178.70000000000002,-13.362025824411063
991,1020,520,352,288.3,23.097348398604993
391,942,699,512,254.4,-5.97344889759907
24,587,696,574,188.10000000000002,65.39929278553359
690,625,695,874,288.40000000000003,60.54865632846497
429,86,988,192,169.5,47.4740270129505
373,773,700,688,253.4,52.487998116559396
700,176,943,721,254.0,91.88309914798634
711,961,672,830,317.40000000000003,-11.196086971994006
396,999,922,867,318.40000000000003,-98.73731577161256
912,335,295,710,225.20000000000002,65.74710141276597
874,633,244,429,218.0,-77.11595822184537
480,205,398,691,177.4,86.06125070191925
319,664,873,527,238.3,29.05568921767997
779,356,829,1012,297.6,6.2158190948787535
317,934,193,976,242.0,-42.66469825875887
936,483,249,553,222.10000000000002,-94.30974476849066
480,608,244,119,145.1,-61.96197575006887
184,231,63,732,121.0,-2.1647346166462853
886,917,295,739,283.7,72.46892780276852
392,669,47,671,177.9,-25.27797182968834
790,389,384,224,178.70000000000002,-21.355268392776125
311,220,248,545,132.4,-49.78212914306288
939,310,476,69,179.4,49.41897208060874
160,459,257,811,168.70000000000002,-42.33668754807116
765,307,868,634,257.40000000000003,72.56546674259602
411,549,555,208,172.3,52.55943691929903
803,398,41,447,168.9,98.97465297437057
585,226,611,113,153.5,85.16620416968064
274,427,307,707,171.5,-3.8179461998969657
576,839,536,162,211.3,3.218615113027454
584,170,556,626,193.60000000000002,45.20038647967769
390,10,358,733,149.1,-4.780389058698503
13,571,460,346,139.0,-83.56978034110244
850,133,831,959,277.3,35.04360917771427
657,703,609,540,250.9,56.73435870096836
628,738,806,943,311.5,-28.766359157022748
119,877,203,61,126.0,73.83987658145989
415,95,372,468,135.0,57.70959090236235
805,481,840,499,262.5,47.60714245694908
529,963,751,824,306.7,99.31678817858412
21,690,715,688,211.4,-77.29601305652263
561,77,516,63,121.7,72.54279638927551
85,257,428,95,86.5,-32.429003449876205
586,892,320,982,278.0,-40.80521489805666
340,255,787,968,235.0,-30.686651059890394
839,816,603,847,310.5,-67.35926144277215
30,648,14,742,143.4,-48.20394261668148
485,794,691,153,212.3,53.07543646081331
43,913,684,50,169.0,-36.245478051061816
152,197,47,514,91.0,-82.73882231720833
858,874,823,578,313.3,-14.164581956459728
729,967,183,702,258.1,69.96690271199907
504,616,767,919,280.6,47.64805913012984
828,981,532,675,301.6,-84.15608761100684
910,875,473,416,267.40000000000003,90.86663461390461
3,151,205,477,83.60000000000001,-22.22236030516298
339,389,607,824,215.9,47.56353934018827
284,169,700,221,137.4,79.40385737432524
717,404,199,527,184.70000000000002,-42.877338353851414
375,473,760,189,179.70000000000002,-13.420469657072815
648,66,234,871,181.9,70.42969080458718
521,66,752,622,196.10000000000002,75.14992826158365
966,449,294,687,239.60000000000002,-25.563411216789135
825,931,613,251,262.0,91.96756274993004
501,769,497,322,208.9,-62.90624387851334
255,782,396,116,154.9,2.097980547384509
613,226,139,342,132.0,75.98106813974891
657,742,566,1020,298.5,3.3404658480510108
675,292,609,286,186.20000000000002,-51.37927860024234
764,641,824,664,289.3,26.363574970113916
566,38,696,152,145.20000000000002,-66.49901786220661
509,654,285,706,215.4,89.35934057962172
518,301,93,216,112.80000000000001,30.248636992591543
756,706,170,751,238.3,-34.03883910084764
745,666,362,668,244.10000000000002,84.60955658475922
238,711,562,873,238.4,-66.32668212357859
117,129,366,833,144.5,-68.8006405345873
1010,116,1016,38,218.0,54.879310306251625
187,43,10,736,97.60000000000001,-31.903450447595546
667,439,740,881,272.7,45.77353162700288
432,323,634,39,142.8,-83.92394433250432
967,571,267,67,187.20000000000002,20.819385069785284
242,395,855,746,223.8,15.75061614657028
222,637,125,319,130.3,63.15573449113475
441,950,683,282,235.60000000000002,-51.528186794346695
337,721,849,306,221.3,77.20509411420852
907,192,572,446,211.70000000000002,21.06691165209689
807,162,541,567,207.70000000000002,-94.08061910693182
546,161,877,826,241.0,-95.76504082818644
955,649,135,573,231.20000000000002,47.9794884604018
958,147,904,874,288.3,17.569302194236343
892,352,500,91,183.5,-55.67643442991894
551,676,603,698,252.8,9.929398262835448
248,51,61,63,42.300000000000004,58.34716629562604
628,483,511,303,192.5,66.44747808178309
739,563,88,917,230.70000000000002,-82.7693931305822
920,315,637,130,200.20000000000002,-34.63773916208228
29,322,573,334,125.80000000000001,82.93590973863522
794,464,946,330,253.4,38.52211138341252
885,768,199,36,188.8,20.79193899601286
346,211,570,989,211.60000000000002,46.08948417225304
460,510,985,945,290.0,-95.50614665298586
520,214,386,88,120.80000000000001,-39.501574282681084
374,454,11,424,126.30000000000001,-13.745659649181064
798,809,255,400,226.20000000000002,90.59359992179233
379,123,532,266,130.0,-53.31600501624929
67,618,454,415,155.4,30.567693605604887
567,524,54,747,189.20000000000002,-31.48671399853194
1023,274,953,393,264.3,-8.165972085805763
434,314,591,259,159.8,44.72443141793062
415,648,717,639,241.9,-82.9513776241981
447,169,754,746,211.60000000000002,-47.63863152920915
627,31,128,684,147.0,-30.350838117889836
350,1021,862,579,281.2,-90.23434049368264
8,878,466,996,234.8,-14.839291000258441
655,92,7,192,94.60000000000001,30.888955518185043
115,635,909,636,229.5,-13.001241414363093
118,805,721,471,211.5,76.10703143236094
150,575,717,636,207.8,-61.71624244750884
678,480,634,253,204.5,-14.942590268969312
667,759,314,304,204.4,72.06257286315639
547,465,275,233,152.0,91.1015545653421
299,868,429,388,198.4,60.4735725297279
966,915,239,928,304.8,-40.38211506782048
420,817,983,334,255.4,-61.257848112355504
587,169,893,141,179.0,92.29751687736089
40,658,530,145,137.3,-49.244141944147856
709,196,664,289,185.8,-70.18661564853524
611,346,388,662,200.70000000000002,76.25076916002408
991,657,908,765,332.1,88.39403072922451
111,666,635,406,181.8,29.287061495756006
508,986,33,755,228.20000000000002,53.279381641159176
85,523,691,554,185.3,-72.22020113430057
587,532,301,826,224.60000000000002,-0.6159916130537937
765,345,152,898,216.0,-60.33764527055763
853,630,797,146,242.60000000000002,49.98193488197418
815,553,229,559,215.60000000000002,-97.26903725737294
497,140,804,809,225.0,87.56073158300671
51,171,856,683,176.10000000000002,-92.66361014777318
753,14,702,27,149.6,-86.35293409843491
415,316,494,234,145.9,-25.624719776167225
856,508,145,256,176.5,2.85700844088214
84,893,383,54,141.4,-16.95824707841294
509,614,373,748,224.4,64.72690012898613
186,1014,604,495,229.9,76.75254927048496
670,13,339,982,200.4,74.68448280755112
148,42,631,255,107.60000000000001,-59.30687521308589
613,472,649,574,230.8,-44.72593114724419
976,1,489,674,214.0,-13.618530705267133
501,202,910,215,182.8,23.36454057705619
407,617,1000,993,301.7,-0.8432211344861571
178,314,851,44,138.70000000000002,-47.11797176898123
322,714,949,421,240.60000000000002,-67.95907321240777
634,889,613,160,229.60000000000002,-79.97309764474767
921,466,413,352,215.20000000000002,38.96186231473675
425,595,250,1019,228.9,62.88473250788405
581,900,631,983,309.5,63.27751061326771
426,777,633,55,189.10000000000002,-17.99891955420034
142,722,180,17,106.10000000000001,16.104435149804047
128,891,971,325,231.5,-59.71882906343768
686,882,358,43,196.9,-46.380597683465986
734,957,985,922,359.8,14.657459883062216
100,39,919,635,169.3,-22.50931858289475
126,945,255,720,204.60000000000002,50.48852486821377
89,911,445,970,241.5,82.70813485398173
588,188,893,883,255.20000000000002,41.880860248007565
359,897,742,582,258.0,-48.49945196649965
536,587,685,17,182.5,61.358155141778184
213,319,582,322,143.6,-93.53391690048754
918,966,920,915,371.90000000000003,12.590948141694014
807,682,149,971,260.90000000000003,40.55193551097241
92,874,633,75,167.4,-4.36365971169694
214,235,285,121,85.5,-2.9205270906271323
101,350,526,848,182.5,85.70472166448761
758,778,477,825,283.8,-9.660076199797459
417,766,453,57,169.3,-90.4845658272013
799,527,202,504,203.20000000000002,-32.30767422599199
422,4,484,924,183.4,-85.43025506574133
426,748,956,65,219.5,25.380152205232818
198,649,834,661,234.20000000000002,83.22579386415018
15,807,90,647,155.9,48.01857614452808
658,520,138,900,221.60000000000002,-63.0578348979119
450,186,990,675,230.10000000000002,88.17951084793336
957,1015,172,783,292.7,-55.16027557955321
486,440,773,901,260.0,40.926960499869836
594,121,342,722,177.9,-88.91637876124491
511,485,980,34,201.0,-91.1975689135249
321,388,459,559,172.70000000000002,-13.427087851942304
331,627,489,637,208.4,56.820626225975985
362,87,432,91,97.2,-1.6104918826087982
13,250,241,776,128.0,86.55513185197589
732,34,215,611,159.20000000000002,-94.05098321024781
429,899,342,752,242.20000000000002,-51.711961533749
532,360,721,760,237.3,-89.19294101234449
721,425,747,727,262.0,1.179770554760708
976,160,732,430,229.8,47.072923216075594
284,785,697,633,239.9,-65.08126933678236
164,318,875,130,148.70000000000002,21.445626803430898
746,318,893,151,210.8,53.56700184763727
888,983,352,765,298.8,83.39236118383315
848,939,594,817,319.8,4.5621027767057285
647,242,786,685,236.0,47.222742357606165
23,291,618,579,151.1,61.629720389203214
720,176,466,759,212.10000000000002,73.89295148615199
312,392,597,553,185.4,93.12910589933588
612,886,590,228,231.60000000000002,93.18287121652904
416,619,974,399,240.8,-78.4365008282235
721,809,123,173,182.60000000000002,-9.827950314812938
1008,537,551,994,309.0,85.52614538614179
849,325,884,903,296.1,-65.43034449926111
967,259,84,125,143.5,97.82524380504736
352,915,120,194,158.10000000000002,69.42332045951
625,731,360,229,194.5,60.60259231888054
241,253,368,529,139.1,11.940291062892157
281,243,994,350,186.8,-24.84314134917922
533,918,589,870,291.0,-79.62052844515037
367,576,329,782,205.4,-38.04706936087556
547,988,73,787,239.5,92.64890770606996
627,96,929,723,237.5,-11.381182742173479
555,96,660,999,231.0,-49.30278751566088
436,751,326,560,207.3,93.5107031311747
172,121,761,341,139.5,-69.27311801595535
500,783,317,38,163.8,77.22641609529447
506,417,407,392,172.20000000000002,-52.52143295209157
785,815,727,730,305.7,12.446325627389783
214,735,162,574,168.5,80.53380683148933
865,347,902,450,256.40000000000003,14.96459975560957
660,171,363,186,138.0,-88.99724819073927
131,899,620,342,199.20000000000002,-17.000435641405147
711,153,20,481,136.5,-23.170417489075362
461,141,186,291,107.9,11.36618955136504
453,600,673,46,177.20000000000002,-60.45593607442419
128,68,709,926,183.10000000000002,66.4802424359113
426,428,842,240,193.60000000000002,-14.511491759159782
114,89,21,219,44.300000000000004,-53.02918051542325
245,221,488,295,124.9,26.02923943130557
561,412,620,36,162.9,-56.82459699427804
407,857,502,660,242.60000000000002,-69.93247028918894
310,443,779,543,207.5,-72.03534655912216
998,716,110,620,244.4,-27.296592923756265
88,327,236,11,66.2,34.31817808127357
689,659,549,689,258.6,8.349554164093348
544,986,174,680,238.4,-62.32102927168355
897,609,689,480,267.5,83.30829932061695
92,895,754,27,176.8,-27.39605708797079
131,966,302,424,182.3,91.58196289161918
841,359,880,732,281.2,-89.35882375070403
954,288,276,709,222.70000000000002,9.948639191421904
218,140,738,807,190.3,-4.66857792910811
560,720,364,895,253.9,74.31903129150089
757,118,641,475,199.10000000000002,-51.50939207472194
878,654,441,932,290.5,-84.77026185020244
919,264,168,80,143.1,22.142097269385246
99,98,149,742,108.80000000000001,-32.92046078138071
473,845,704,81,210.3,32.52159774347305
96,608,885,802,239.10000000000002,-79.81676064298861
1006,38,511,608,216.3,76.33753325544055
519,79,933,965,249.60000000000002,16.18381035153942
491,95,45,347,97.80000000000001,-9.59740494212133
138,621,340,71,117.0,93.82095665775773
1022,697,322,296,233.70000000000002,-83.06501486086677
815,273,696,846,263.0,1.5064204331991675
295,756,338,396,178.5,-22.066079511403558
899,142,839,100,198.0,5.515921832223228
914,893,99,660,256.6,-74.387605140254
351,228,635,709,192.3,42.69022264189576
873,972,763,416,302.40000000000003,15.835294941004847
894,682,715,895,318.6,18.09375083717582
699,784,225,595,230.3,-87.61090217858587
961,668,785,854,326.8,-73.48682230783035
385,67,199,304,95.5,-12.69593390666624
280,229,820,882,221.10000000000002,88.87253503363502
94,770,776,505,214.5,53.37562959286879
194,994,842,932,296.2,-5.867460715328448
479,575,97,738,188.9,-15.920298099880853
471,583,996,139,218.9,4.1665482645765906
407,405,211,995,201.8,57.46428219290357
586,23,359,477,144.5,-64.04096366330984
539,171,528,899,213.70000000000002,2.654140175518066
934,212,755,328,222.9,39.7859179893311
622,664,23,887,219.60000000000002,-35.500141662100006
2,983,769,716,247.0,80.84148710778513
901,885,985,200,297.1,29.185018901839726
772,132,921,355,218.0,-12.259892983149157
626,529,851,949,295.5,93.52302930566577
552,740,439,802,253.3,67.25085567117281
774,189,434,537,193.4,-17.338497300102688
934,785,115,374,220.8,42.47183220262923
1,885,406,826,211.8,98.39836647636196
31,997,13,504,154.5,-73.36366922080735
538,863,312,645,235.8,-70.40289453412689
552,178,197,495,142.20000000000002,99.94402781641324
1021,908,131,726,278.6,9.47905436941501
582,12,46,46,68.60000000000001,-13.231463833948439
423,740,545,567,227.5,42.61041918769439
757,886,735,366,274.40000000000003,13.349711018169302
159,22,978,402,156.10000000000002,16.480414672997227
107,213,362,310,99.2,37.81710162007903
82,232,853,676,184.3,-91.07080714356188
485,9,709,1011,221.4,52.448742158032644
494,391,875,16,177.60000000000002,-77.31842367856547
901,757,428,256,234.20000000000002,41.25853097353547
922,385,893,344,254.4,-70.59643733349964
195,476,347,1020,203.8,98.45788910041932
12,3,24,499,53.800000000000004,58.86728769992632
576,368,895,299,213.8,-78.08947576017904
767,64,280,87,119.80000000000001,42.30963828041027
300,441,535,408,168.4,66.19387999741562
777,459,225,881,234.20000000000002,-46.61827361946218
723,794,901,887,330.5,-81.11211027405838
169,883,539,22,161.3,95.28315501134978
951,855,468,794,306.8,79.77165224350867
213,459,684,504,186.0,-38.2426803023046
87,983,451,976,249.70000000000002,54.815178387065174
929,562,849,169,250.9,95.23872786674158
287,429,699,270,168.5,-55.07503288485478
953,682,50,731,241.60000000000002,2.4274928386854384
463,939,988,538,292.8,-89.64668256272358
444,375,749,300,186.8,83.49662888518549
383,471,158,171,118.30000000000001,26.150814838048134
271,173,102,617,116.30000000000001,-47.57802816333787
521,6,19,8,55.400000000000006,-64.52246373080325
277,25,471,650,142.3,65.39208132610983
263,534,140,929,186.60000000000002,99.39591771224968
407,800,189,154,155.0,5.799361452997289
604,25,619,1020,226.8,-60.40810139521224
394,641,717,654,240.60000000000002,-95.05689846526279
838,931,885,397,305.1,90.6426356505549
485,304,424,7,122.0,13.59747455638174
455,639,239,292,162.5,-47.57807132776537
1013,638,167,344,216.20000000000002,-43.92117404382765
431,74,340,686,153.1,79.8642788890968
280,407,261,31,97.9,73.16077229333479
837,805,735,848,322.5,8.345553199139388
808,161,66,140,117.5,0.568974937967397
32,561,829,443,186.5,86.60643494656725
45,220,349,895,150.9,12.896024772850211
701,908,686,251,254.60000000000002,23.12105068457501
482,342,598,170,159.20000000000002,-77.78043471438298
217,402,282,310,121.10000000000001,95.61579718919697
450,668,973,851,294.2,-88.76531757951076
28,190,952,942,211.20000000000002,55.53032993784345
135,947,397,743,222.20000000000002,61.81207321135733
772,952,277,343,234.4,67.88851775923683
650,715,402,1015,278.2,14.403832851505342
693,391,61,498,164.3,95.03807396056058
434,290,56,322,110.2,59.91289143782913
226,559,758,603,214.60000000000002,-33.783029217369815
171,527,973,952,262.3,-32.8898865285193
400,424,675,726,222.5,6.956081379953403
880,247,974,155,225.60000000000002,44.836273485234585
392,236,1004,904,253.60000000000002,79.06196402948095
272,775,110,563,172.0,-86.55270588991495
36,214,471,1017,173.8,-72.6271854318848
591,864,436,658,254.9,13.848414704906105
563,950,288,469,227.0,9.695587869674355
226,914,687,300,212.70000000000002,32.24809543599008
479,783,1010,875,314.70000000000005,64.91906216536177
974,792,275,421,246.20000000000002,-68.256213701096
191,706,373,717,198.70000000000002,90.95583857407357
171,631,36,676,151.4,-36.209622255971176
341,725,331,986,238.3,-99.79788816892226
874,707,386,214,218.10000000000002,-61.990830119863794
447,20,268,217,95.2,66.35482382074076
971,530,686,771,295.8,81.06043010882689
19,687,115,378,119.9,70.12488426301474
929,681,103,212,192.5,-57.599646545813776
626,315,86,940,196.70000000000002,48.58922288958084
896,397,141,969,240.3,40.085656133339455
552,602,475,57,168.60000000000002,-90.31952411450595
523,67,81,342,101.30000000000001,46.87406510216226
932,906,277,386,250.10000000000002,77.88372131122279
565,144,252,899,186.0,62.52806803553753
746,60,307,326,143.9,55.29185608642487
601,533,982,103,221.9,-45.03430674663373
915,665,998,337,291.5,-80.78288994924232
248,293,980,770,229.10000000000002,-12.520958773421413
463,175,928,630,219.60000000000002,95.66712123842004
297,537,1021,604,245.9,-98.33400502292062
505,197,808,672,218.20000000000002,-49.63966874354979
143,920,440,942,244.5,-50.4351019011346
292,598,32,520,144.20000000000002,98.18444957997562
738,542,167,343,179.0,-87.47569249084151
116,2,289,655,106.2,-55.52987167667547
625,442,348,804,221.9,58.243863657765246
467,412,969,789,263.7,-47.20035612982119
866,363,28,426,168.3,-56.358431273676345
305,202,82,29,61.800000000000004,-15.55063949413713
570,684,734,823,281.1,88.93986568712015
375,591,347,667,198.0,-27.248188075112267
663,373,683,64,178.3,60.910084043867755
1003,202,639,443,228.70000000000002,-7.693765454080534
909,860,922,899,359.0,-8.682063120250746
98,443,457,966,196.4,-20.91535951434544
40,731,447,288,150.6,-42.1641051322488
441,873,111,780,220.5,83.18995068400181
471,622,278,610,198.10000000000002,15.894771396926274
784,765,697,248,249.4,-34.83632655571924
941,936,387,214,247.8,26.117053020378435
536,631,108,799,207.4,12.736103926451747
1000,732,550,1002,328.40000000000003,-26.68401819253279
726,979,499,431,263.5,-17.370897095583103
1007,23,88,236,135.4,34.79020824338244
594,502,561,481,213.8,-20.829248570128158
647,457,627,967,269.8,-44.72054440540811
455,216,62,299,103.2,8.874221201738123
183,588,83,100,95.4,9.87980278019603
354,351,602,647,195.4,-3.5102002372807988
568,289,809,775,244.10000000000002,-8.297285261683257
530,124,618,325,159.70000000000002,-43.710783561353075
144,242,713,636,173.5,-76.04681761822833
986,703,104,474,226.70000000000002,-14.251561482131066
1022,851,744,53,267.0,-72.87322736868897
524,565,601,759,244.9,55.54404695460943
397,215,670,536,181.8,-78.04726698548632
1014,690,879,278,286.1,-49.36648459934672
87,475,759,413,173.4,-91.79462823274139
795,475,115,914,229.9,83.96537454076093
481,293,81,676,153.1,-54.60999668249842
303,1021,314,974,261.2,-0.5243432076851064
19,170,950,340,147.9,83.9161505914214
220,214,585,106,112.5,-26.05461376567891
652,282,280,816,203.0,-98.17149482797791
40,644,210,658,155.20000000000002,97.68848987600134
176,212,580,578,154.60000000000002,76.28331388173604
161,945,362,466,193.4,-69.3708346450814
58,72,566,117,81.30000000000001,-39.41306871998906
326,251,633,55,126.5,-99.82378463101699
573,235,410,268,148.6,-2.3472019037872087
548,160,3,331,104.2,-34.12983510438072
138,651,75,736,160.0,74.83730808123775
381,280,345,420,142.6,92.8762565914976
8,562,951,897,241.8,-68.956545621809
42,237,687,790,175.60000000000002,-78.0574623696161
793,246,66,997,210.20000000000002,-47.87880916230529
912,55,767,932,266.6,-28.64770963100669
580,905,980,391,285.6,-87.07940500992078
409,739,996,843,298.7,9.381989461762075
336,873,435,411,205.5,79.61377594179987
862,158,795,180,199.5,-37.158243261326504
354,108,706,498,166.60000000000002,22.11913289547398
176,601,96,891,176.4,25.933369867146055
724,776,622,559,268.1,58.018963801710754
197,507,824,834,236.20000000000002,73.29878270075676
500,625,204,147,147.6,20.782578611185016
93,279,400,566,133.8,38.91658168532578
445,298,219,323,128.5,-35.76477768839335
161,44,264,944,141.3,53.73058227111983
395,387,113,311,120.60000000000001,21.599055242930262
997,784,22,509,231.20000000000002,35.31203877884792
770,175,422,379,174.60000000000002,-97.87123353103556
483,609,147,953,219.20000000000002,89.2325712483312
349,932,840,526,264.7,58.35419237453647
1012,855,206,518,259.1,-39.18867057771449
185,206,586,305,128.20000000000002,-59.50426059321528
512,931,843,665,295.1,47.7878603723027
124,745,77,1019,196.5,82.51480136039419
950,37,245,566,179.8,-50.39826399592808
784,539,137,26,148.6,53.712253714950805
486,62,632,353,153.3,42.036253275670504
424,673,193,991,228.10000000000002,12.209737907210297
533,674,519,443,216.9,-80.06611790752743
908,414,337,788,244.70000000000002,-71.99516259788683
912,884,18,246,206.0,-20.28295472370054
719,873,278,244,211.4,-54.77819545742122
511,662,373,388,193.4,86.71320910855661
181,939,783,704,260.7,8.840876255205771
464,429,111,142,114.60000000000001,-27.7389909346429
369,506,783,47,170.5,-90.07668536883477
676,592,558,621,244.70000000000002,-25.759295277136076
857,102,107,344,141.0,33.65842326095304
307,536,74,191,110.80000000000001,-14.259918948400667
556,925,879,91,245.10000000000002,-9.503855724516058
937,472,451,589,244.9,99.13938759222876
134,75,879,639,172.70000000000002,88.38844149538966
830,112,552,317,181.10000000000002,-94.40702838353144
231,337,598,342,150.8,-40.1446602216063
258,193,485,906,184.20000000000002,-33.6141773385564
833,426,176,295,173.0,-5.923544404848641
771,280,963,634,264.8,-52.86219555045126
757,680,79,0,151.6,-97.62534005874828
624,996,232,501,235.3,-26.279988262951036
303,857,758,689,260.7,47.02215788933708
301,166,765,627,185.9,-99.7220242065258
774,276,430,970,245.0,77.90764212332556
612,76,737,570,199.5,-70.97243287985376
138,510,881,589,211.8,92.31312699879223
762,549,411,801,252.3,-32.09805270413304
190,310,629,550,167.9,-51.55640927014067
818,458,505,417,219.8,-97.77926871984057
717,799,702,113,233.10000000000002,-88.70711639840766
636,598,133,901,226.8,-40.367653925198496
960,471,220,491,214.20000000000002,54.759729364907884
544,414,829,720,250.70000000000002,-49.99639158394837
448,471,161,444,152.4,-86.68079521980808
397,865,165,51,147.8,16.56183387700905
943,974,567,780,326.40000000000003,85.0627634593724
974,599,829,465,286.7,8.305305453877594
437,1007,807,301,255.20000000000002,91.23165198706837
676,215,616,768,227.5,10.794301044668984
703,973,466,352,249.4,-33.95876784139671
926,154,991,73,214.4,20.234184708135402
627,903,616,747,289.3,12.246101433177458
16,930,548,44,153.8,84.03290057441731
230,444,597,93,136.4,-17.207713866041317
915,171,153,608,184.70000000000002,36.29893237686659
528,656,29,978,219.10000000000002,40.775679686952685
157,228,791,1003,217.9,19.690641134426713
436,442,64,234,117.60000000000001,88.1671313834731
146,791,112,582,163.10000000000002,41.82840458488863
977,241,381,323,192.20000000000002,57.61409020208572
962,785,579,141,246.70000000000002,76.98036121518052
281,332,459,292,136.4,-94.80060696093213
827,639,1007,939,341.20000000000005,14.49057970412646
818,437,703,551,250.9,-5.1919578715507555
848,744,180,956,272.8,9.193686414522432
635,949,670,393,264.7,84.78507439831799
202,52,49,368,67.10000000000001,-36.2128666746121
371,958,266,366,196.10000000000002,-30.836973229757675
292,165,742,277,147.6,-67.1795231227532
426,698,513,914,255.10000000000002,16.55622349143981
665,675,53,993,238.60000000000002,-19.55882482927447
729,989,722,689,312.90000000000003,-44.1259729840749
670,132,299,861,196.20000000000002,18.44416056602749
487,900,317,285,198.9,-73.53646826398233
355,22,22,11,41.0,-50.95618428706088
812,747,433,496,248.8,82.08183710059191
355,783,59,142,133.9,83.66846011334525
89,376,461,736,166.20000000000002,36.573935868585835
692,483,996,745,291.6,-80.51941919097328
1006,339,964,1007,331.6,-5.415111664847998
750,484,909,247,239.0,32.52005425434143
821,752,98,770,244.10000000000002,40.57154066213192
36,116,459,799,141.0,-84.16983316588384
152,71,366,857,144.6,54.07807707521795
999,638,628,679,294.40000000000003,-64.03279106995876
507,446,278,412,164.3,-14.026490163736227
888,491,979,545,290.3,-82.55388822067269
298,351,366,47,106.2,26.782889872424903
488,652,95,170,140.5,68.50222383523283
170,525,37,391,112.30000000000001,7.985451202257352
418,678,0,594,169.0,85.756162704454
196,111,28,151,48.6,16.36878196891874
679,205,600,674,215.8,-8.69027382169449
654,536,1,664,185.5,-4.26246939933111
43,805,225,536,160.9,-87.9579493037248
354,957,340,403,205.4,-70.31380498467763
833,798,345,788,276.40000000000003,54.23152632956675
560,527,86,277,145.0,95.90270579271362
195,24,804,878,190.10000000000002,-52.08047895455101
22,331,808,482,164.3,-22.5534711314169
786,180,640,431,203.70000000000002,50.87266242675258
1009,618,192,614,243.3,-38.20476027412825
159,924,184,333,160.0,21.725815706482493
651,302,421,852,222.60000000000002,-25.164248418137362
492,417,436,358,170.3,-19.070593574194632
373,510,469,361,171.3,19.46350260750333
854,209,853,990,290.6,-63.63554840843415
162,54,705,963,188.4,55.81771381627445
596,51,515,188,135.0,11.849010132636778
136,720,368,777,200.10000000000002,-76.85771737254407
842,473,26,978,231.9,-85.47984777097868
800,530,559,578,246.70000000000002,-29.71579323931921
827,462,149,461,189.9,54.20540484561687
665,946,811,398,282.0,26.051501885065747
390,494,806,136,182.60000000000002,99.96154534002329
177,313,112,876,147.8,32.87659118368765
501,607,492,514,211.4,28.121003564087033
507,787,669,803,276.6,8.894695660114678
632,515,283,999,242.9,-64.74545931416438
51,376,396,1015,183.8,44.405230570899306
977,895,431,501,280.40000000000003,12.448259934923286
809,501,641,255,220.60000000000002,37.180292769629574
143,669,461,770,204.3,60.59442561533305
296,1017,688,97,209.8,-97.72583452872982
531,755,317,644,224.70000000000002,-73.97063352501192
512,374,376,323,158.5,-78.71377988820689
83,318,200,226,82.7,-3.6963533563632183
855,801,877,200,273.3,29.137464976096027
654,524,491,141,181.0,54.962414909502485
549,739,374,658,232.0,-4.757411341879617
85,950,1016,484,253.5,-74.17378799858277
241,719,634,15,160.9,1.5338854408916092
92,512,821,720,214.5,16.58078433865282
94,872,328,133,142.70000000000002,39.425344610330086
562,834,770,688,285.40000000000003,-36.96775341739678
739,283,1017,552,259.1,-92.94401577840236
293,856,547,623,231.9,51.69891892752116
901,648,742,714,300.5,53.61546897225361
584,907,12,325,182.8,19.685036823715294
990,17,514,666,218.70000000000002,-47.21915081655248
272,217,438,867,179.4,96.32094058296681
767,833,745,282,262.7,-93.17225367615146
741,485,44,633,190.3,-85.1351674509347
212,357,878,126,157.3,-93.78525500665343
287,398,234,965,188.4,-37.47323503417201
399,776,387,304,186.60000000000002,-49.33432854665563
197,606,215,0,101.80000000000001,16.67932637039422
352,227,827,706,211.20000000000002,5.710476170401947
866,57,755,142,182.0,-48.805072775490174
3,385,951,984,232.3,90.68740766225966
16,818,398,737,196.9,-2.6990482065673262
83,209,359,267,91.80000000000001,-36.910959148473886
608,58,879,92,163.70000000000002,25.389842076070295
914,855,37,62,186.8,-92.44416236059045
190,242,505,986,192.3,43.53556977514771
655,313,791,770,252.9,-19.605303737090196
156,41,330,48,57.5,-95.08422072212497
679,385,417,79,156.0,55.69048054419093
876,913,609,863,326.1,-62.55651986700514
762,26,407,216,141.1,25.938597213910853
489,699,300,579,206.70000000000002,-39.1228403004817
701,452,161,186,150.0,4.1141766430928755
879,1022,961,712,357.40000000000003,-40.8990912718886
99,730,69,896,179.4,87.36189047894453
128,872,186,482,166.8,-14.401151392458061
224,565,48,202,103.9,-54.780614933993974
545,178,826,539,208.8,10.770476608281939
149,336,158,811,145.4,-13.213815326741639
181,48,967,195,139.1,-44.81068260843688
583,284,65,873,180.5,-46.983322470246634
703,581,617,377,227.8,89.38722057893364
752,625,154,447,197.8,3.100751625564243
422,927,387,593,232.9,-56.89593556994312
671,329,647,245,189.20000000000002,13.287312881975225
300,911,687,412,231.0,55.69578336927239
675,611,613,1015,291.40000000000003,-55.38342193118433
918,861,261,1022,306.2,-92.86339971883477
870,155,583,658,226.60000000000002,44.225323573234846
716,388,898,828,283.0,-64.94062102695639
148,351,49,66,61.400000000000006,-1.732089274320714
728,1006,230,78,204.20000000000002,-24.288080617974032
802,528,824,189,234.3,43.61835129087018
230,917,120,394,166.10000000000002,61.65400349249964
605,95,749,572,202.10000000000002,61.4390582962736
740,297,124,935,209.60000000000002,-8.831827149920215
125,294,749,695,186.3,-41.567041711983975
67,774,331,316,148.8,-0.08242156009303869
754,941,818,233,274.6,96.646145244852
740,185,974,370,226.9,93.20734341182293
284,980,803,595,266.2,-70.32391310394716
100,409,80,668,125.7,-92.54207464868117
271,191,48,585,109.5,61.69821481540748
204,876,967,408,245.5,-64.16841132721207
852,255,484,290,188.10000000000002,60.33637110180274
343,709,522,381,195.5,56.65249351089767
529,186,262,211,118.80000000000001,97.1564026220793
552,84,39,620,129.5,31.230707777770363
358,333,399,829,191.9,-12.895338343912016
9,165,442,947,156.3,-64.19154511146459
251,86,132,748,121.7,91.56544113568174
538,812,460,60,187.0,95.71690142874488
818,331,356,841,234.60000000000002,71.91017356196377
695,244,724,840,250.3,82.10410978378081
589,367,572,615,214.3,-86.53106567845501
966,413,839,556,277.40000000000003,-87.10751627270297
970,799,451,260,248.0,-28.607905232394785
132,288,293,97,81.0,-82.4076548091385
231,844,455,78,160.8,-11.031301539968837
78,980,439,658,215.5,-75.33491799564509
70,394,183,10,65.7,-91.14463598790226
262,196,351,179,98.80000000000001,-90.61691438589375
445,972,254,245,191.60000000000002,3.607494950753093
878,803,485,735,290.1,-9.516156472398379
471,873,64,932,234.0,-34.92091360501884
513,828,979,389,270.90000000000003,-59.97701343861061
599,653,255,118,162.5,66.8176749551082
303,918,741,202,216.4,-57.23602713293234
71,1,301,13,38.6,16.762597196848986
235,952,448,587,222.20000000000002,-53.299566320195105
914,990,339,36,227.9,13.424616527404282
221,831,501,586,213.9,-19.791764114933528
778,554,684,239,225.5,87.2732065811621
952,1016,1022,571,356.1,92.85436959722065
909,342,813,533,259.7,21.11877023285018
437,459,123,301,132.0,-13.434613340325669
695,736,892,277,260.0,70.37308730263413
593,195,395,686,186.9,37.154062296657884
378,194,240,702,151.4,-60.54342640390493
974,801,321,607,270.3,44.584174647433855
756,288,353,761,215.8,-47.78743086402575
509,373,589,1018,248.9,-63.13501242443829
928,604,700,258,249.0,77.8005922645591
930,330,178,945,238.3,-42.04085813552738
826,695,560,464,254.5,-23.624978249085473
139,787,17,370,131.3,-70.52053525528812
255,214,200,718,138.70000000000002,-35.622396704293834
884,513,374,533,230.4,-3.303477450589739
160,501,186,334,118.10000000000001,34.0956355357188
326,518,15,653,151.20000000000002,-31.97288327077443
94,136,535,31,79.60000000000001,-62.74334950091822
180,15,976,401,157.20000000000002,74.16324694392125
435,135,194,71,83.5,28.55237942691278
498,265,702,840,230.5,-27.80355423078744
851,666,164,817,249.8,93.564445501694
213,856,324,998,239.10000000000002,7.864325141007683
616,287,355,382,164.0,-30.99585419753801
119,818,978,380,229.5,-50.97594166052879
612,180,275,686,175.3,51.0230428490423
706,679,705,591,268.1,-26.06598106020492
602,372,922,116,201.20000000000002,67.3464645970202
543,947,646,533,266.90000000000003,-54.18458858127446
273,582,485,848,218.8,32.067205209416926
257,41,467,57,82.2,67.70382535013329
794,498,44,249,158.5,-54.53248881062456
295,387,527,1,121.0,64.48784635112759
207,158,71,829,126.5,77.62509523187418
857,471,489,903,272.0,10.415827322933907
166,320,79,779,134.4,-77.15089922842056
465,835,228,30,155.8,-21.14433166908782
949,696,753,290,268.8,-96.34827649816478
634,648,625,111,201.8,-64.23620559587211
506,750,972,387,261.5,32.56570151141008
577,400,714,766,245.70000000000002,53.309694420277026
700,826,693,750,296.90000000000003,80.6496639972622
741,704,1009,979,343.3,94.35054492697529
25,572,994,286,187.70000000000002,-82.88846996578943
497,83,665,673,191.8,-48.48956609199968
434,919,560,750,266.3,1.8457360340643731
112,965,246,630,195.3,93.13289965450932
399,408,928,198,193.3,12.806857128605188
473,710,248,156,158.70000000000002,-85.66511314770482
223,88,952,142,140.5,73.88666176830097
468,262,113,225,106.80000000000001,-51.03767679200535
689,606,737,281,231.3,-94.0183454843921
942,78,521,128,166.9,-92.25641874858468
270,391,198,706,156.5,-45.4437656472297
514,851,507,899,277.1,-72.81073743901352
658,292,434,65,144.9,40.58501708287315
81,265,231,720,129.70000000000002,49.27682611171008
610,215,912,279,201.60000000000002,-29.49609428932108
510,618,362,942,243.20000000000002,-33.528167500373016
951,34,440,564,198.9,-82.57303006705348
154,632,258,216,126.0,-50.491369570297365
975,790,966,915,364.6,44.591858714650556
391,503,440,10,134.4,89.56991992131714
532,591,551,353,202.70000000000002,-22.042459149295723
27,408,594,675,170.4,72.41395822279625
395,616,599,55,166.5,-48.51355872468097
318,333,362,500,151.3,60.319825398710975
784,113,869,357,212.3,-6.239897699091259
875,335,53,854,211.70000000000002,23.585137017410716
756,324,507,567,215.4,-13.133302313404798
18,522,783,979,230.20000000000002,16.30909570861749
83,183,906,719,189.10000000000002,-8.559218886064073
647,774,254,25,170.0,44.473353662475034
207,92,875,23,119.7,-76.84283543204828
476,293,627,858,225.4,-38.923953104697006
56,824,293,345,151.8,-81.61900331187792
593,54,789,737,217.3,-90.89581001498263
799,529,514,940,278.2,15.989408132951795
196,161,493,662,151.20000000000002,88.89286543417916
372,787,618,66,184.3,-16.6082165715044
1015,679,760,147,260.1,-29.514478802802998
428,820,280,569,209.70000000000002,-41.89475553503848
